exchange,contract_ticker,underlying_ticker,name,asset_type,quote_currency,status,max_leverage,market_region,source_endpoint,classification_method,confidence,collected_at_utc
Gate,AAL_USDT,AAL,American Airlines Group Inc.,equity,USDT,active,20,US,https://api.gateio.ws/api/v4/futures/usdt/contracts + https://api.gateio.ws/api/v4/stock/symbols,matched Gate stock-symbol universe,high,2026-09-09T08:18:38+00:00
Gate,AAOI_USDT,AAOI,"Applied Optoelectronics, Inc.",equity,USDT,active,50,US,https://api.gateio.ws/api/v4/futures/usdt/contracts + https://api.gateio.ws/api/v4/stock/symbols,matched Gate stock-symbol universe,high,2026-09-09T08:18:38+00:00
Gate,AAPL_USDT,AAPL,Apple Inc.,equity,USDT,active,100,US,https://api.gateio.ws/api/v4/futures/usdt/contracts + https://api.gateio.ws/api/v4/stock/symbols,matched Gate stock-symbol universe,high,2026-09-09T08:18:38+00:00
Gate,AAPU_USDT,AAPU,Direxion Shares ETF Trust Direxion Daily AAPL Bull 2X ETF,etf,USDT,active,20,US,https://api.gateio.ws/api/v4/futures/usdt/contracts + https://api.gateio.ws/api/v4/stock/symbols,matched Gate stock-symbol universe,high,2026-09-09T08:18:38+00:00
Gate,ABBV_USDT,ABBV,ABBVIE INC.,equity,USDT,active,20,US,https://api.gateio.ws/api/v4/futures/usdt/contracts + https://api.gateio.ws/api/v4/stock/symbols,matched Gate stock-symbol universe,high,2026-09-09T08:18:38+00:00
Gate,ABNB_USDT,ABNB,"Airbnb, Inc. Class A",equity,USDT,active,20,US,https://api.gateio.ws/api/v4/futures/usdt/contracts + https://api.gateio.ws/api/v4/stock/symbols,matched Gate stock-symbol universe,high,2026-09-09T08:18:38+00:00
Gate,ACN_USDT,ACN,Accenture PLC,equity,USDT,active,25,US,https://api.gateio.ws/api/v4/futures/usdt/contracts + https://api.gateio.ws/api/v4/stock/symbols,matched Gate stock-symbol universe,high,2026-09-09T08:18:38+00:00
Gate,ADBE_USDT,ADBE,Adobe Inc.,equity,USDT,active,20,US,https://api.gateio.ws/api/v4/futures/usdt/contracts + https://api.gateio.ws/api/v4/stock/symbols,matched Gate stock-symbol universe,high,2026-09-09T08:18:38+00:00
Gate,ADI_USDT,ADI,"Analog Devices, Inc.",equity,USDT,active,20,US,https://api.gateio.ws/api/v4/futures/usdt/contracts + https://api.gateio.ws/api/v4/stock/symbols,matched Gate stock-symbol universe,high,2026-09-09T08:18:38+00:00
Gate,ADSK_USDT,ADSK,Autodesk Inc,equity,USDT,active,20,US,https://api.gateio.ws/api/v4/futures/usdt/contracts + https://api.gateio.ws/api/v4/stock/symbols,matched Gate stock-symbol universe,high,2026-09-09T08:18:38+00:00
Gate,AEON_USDT,AEON,AEON,equity,USDT,active,20,JP,https://api.gateio.ws/api/v4/futures/usdt/contracts + https://api.gateio.ws/api/v4/stock/symbols,matched Gate stock-symbol universe,high,2026-09-09T08:18:38+00:00
Gate,AGG_USDT,AGG,iShares Core U.S. Aggregate Bond ETF,etf,USDT,active,20,US,https://api.gateio.ws/api/v4/futures/usdt/contracts + https://api.gateio.ws/api/v4/stock/symbols,matched Gate stock-symbol universe,high,2026-09-09T08:18:38+00:00
Gate,AIA_USDT,AIA,AIA,equity,USDT,active,20,HK,https://api.gateio.ws/api/v4/futures/usdt/contracts + https://api.gateio.ws/api/v4/stock/symbols,matched Gate stock-symbol universe,high,2026-09-09T08:18:38+00:00
Gate,AKESO_USDT,AKESO,AKESO,equity,USDT,active,25,HK,https://api.gateio.ws/api/v4/futures/usdt/contracts + https://api.gateio.ws/api/v4/stock/symbols,matched Gate stock-symbol universe,high,2026-09-09T08:18:38+00:00
Gate,ALAB_USDT,ALAB,"Astera Labs, Inc.",equity,USDT,active,20,US,https://api.gateio.ws/api/v4/futures/usdt/contracts + https://api.gateio.ws/api/v4/stock/symbols,matched Gate stock-symbol universe,high,2026-09-09T08:18:38+00:00
Gate,ALB_USDT,ALB,Albemarle Corporation,equity,USDT,active,20,US,https://api.gateio.ws/api/v4/futures/usdt/contracts + https://api.gateio.ws/api/v4/stock/symbols,matched Gate stock-symbol universe,high,2026-09-09T08:18:38+00:00
Gate,AMAT_USDT,AMAT,Applied Materials Inc,equity,USDT,active,50,US,https://api.gateio.ws/api/v4/futures/usdt/contracts + https://api.gateio.ws/api/v4/stock/symbols,matched Gate stock-symbol universe,high,2026-09-09T08:18:38+00:00
Gate,AMD_USDT,AMD,Advanced Micro Devices,equity,USDT,active,50,US,https://api.gateio.ws/api/v4/futures/usdt/contracts + https://api.gateio.ws/api/v4/stock/symbols,matched Gate stock-symbol universe,high,2026-09-09T08:18:38+00:00
Gate,AMGN_USDT,AMGN,Amgen Inc,equity,USDT,active,20,US,https://api.gateio.ws/api/v4/futures/usdt/contracts + https://api.gateio.ws/api/v4/stock/symbols,matched Gate stock-symbol universe,high,2026-09-09T08:18:38+00:00
Gate,AMKR_USDT,AMKR,Amkor Technology Inc,equity,USDT,active,20,US,https://api.gateio.ws/api/v4/futures/usdt/contracts + https://api.gateio.ws/api/v4/stock/symbols,matched Gate stock-symbol universe,high,2026-09-09T08:18:38+00:00
Gate,AMZN_USDT,AMZN,Amazon.Com Inc,equity,USDT,active,100,US,https://api.gateio.ws/api/v4/futures/usdt/contracts + https://api.gateio.ws/api/v4/stock/symbols,matched Gate stock-symbol universe,high,2026-09-09T08:18:38+00:00
Gate,AMZU_USDT,AMZU,Direxion Shares ETF Trust Direxion Daily AMZN Bull 2X ETF,etf,USDT,active,20,US,https://api.gateio.ws/api/v4/futures/usdt/contracts + https://api.gateio.ws/api/v4/stock/symbols,matched Gate stock-symbol universe,high,2026-09-09T08:18:38+00:00
Gate,ANET_USDT,ANET,Arista Networks,equity,USDT,active,20,US,https://api.gateio.ws/api/v4/futures/usdt/contracts + https://api.gateio.ws/api/v4/stock/symbols,matched Gate stock-symbol universe,high,2026-09-09T08:18:38+00:00
Gate,ANTA_USDT,ANTA,Antalpha Platform Holding Co,equity,USDT,active,25,US,https://api.gateio.ws/api/v4/futures/usdt/contracts + https://api.gateio.ws/api/v4/stock/symbols,matched Gate stock-symbol universe,high,2026-09-09T08:18:38+00:00
Gate,APD_USDT,APD,"Air Products & Chemicals, Inc.",equity,USDT,active,20,US,https://api.gateio.ws/api/v4/futures/usdt/contracts + https://api.gateio.ws/api/v4/stock/symbols,matched Gate stock-symbol universe,high,2026-09-09T08:18:38+00:00
Gate,APH_USDT,APH,Amphenol Corporation,equity,USDT,active,20,US,https://api.gateio.ws/api/v4/futures/usdt/contracts + https://api.gateio.ws/api/v4/stock/symbols,matched Gate stock-symbol universe,high,2026-09-09T08:18:38+00:00
Gate,APP_USDT,APP,Applovin Corporation Class A,equity,USDT,active,25,US,https://api.gateio.ws/api/v4/futures/usdt/contracts + https://api.gateio.ws/api/v4/stock/symbols,matched Gate stock-symbol universe,high,2026-09-09T08:18:38+00:00
Gate,APR_USDT,APR,APR,equity,USDT,active,25,KR,https://api.gateio.ws/api/v4/futures/usdt/contracts + https://api.gateio.ws/api/v4/stock/symbols,matched Gate stock-symbol universe,high,2026-09-09T08:18:38+00:00
Gate,AR_USDT,AR,ANTERO RESOURCES CORPORATION,equity,USDT,active,50,US,https://api.gateio.ws/api/v4/futures/usdt/contracts + https://api.gateio.ws/api/v4/stock/symbols,matched Gate stock-symbol universe,high,2026-09-09T08:18:38+00:00
Gate,ARM_USDT,ARM,Arm Holdings plc American Depositary Shares,equity,USDT,active,50,US,https://api.gateio.ws/api/v4/futures/usdt/contracts + https://api.gateio.ws/api/v4/stock/symbols,matched Gate stock-symbol universe,high,2026-09-09T08:18:38+00:00
Gate,ASML_USDT,ASML,ASML Holding NV,equity,USDT,active,50,US,https://api.gateio.ws/api/v4/futures/usdt/contracts + https://api.gateio.ws/api/v4/stock/symbols,matched Gate stock-symbol universe,high,2026-09-09T08:18:38+00:00
Gate,ASTS_USDT,ASTS,"AST SpaceMobile, Inc. Class A",equity,USDT,active,25,US,https://api.gateio.ws/api/v4/futures/usdt/contracts + https://api.gateio.ws/api/v4/stock/symbols,matched Gate stock-symbol universe,high,2026-09-09T08:18:38+00:00
Gate,ASX_USDT,ASX,"ASE Technology Holding Co., Ltd.",equity,USDT,active,20,US,https://api.gateio.ws/api/v4/futures/usdt/contracts + https://api.gateio.ws/api/v4/stock/symbols,matched Gate stock-symbol universe,high,2026-09-09T08:18:38+00:00
Gate,AVGO_USDT,AVGO,Broadcom Inc.,equity,USDT,active,50,US,https://api.gateio.ws/api/v4/futures/usdt/contracts + https://api.gateio.ws/api/v4/stock/symbols,matched Gate stock-symbol universe,high,2026-09-09T08:18:38+00:00
Gate,AXTI_USDT,AXTI,AXT Inc,equity,USDT,active,50,US,https://api.gateio.ws/api/v4/futures/usdt/contracts + https://api.gateio.ws/api/v4/stock/symbols,matched Gate stock-symbol universe,high,2026-09-09T08:18:38+00:00
Gate,B_USDT,B,Barrick Mining Corporation,equity,USDT,active,20,US,https://api.gateio.ws/api/v4/futures/usdt/contracts + https://api.gateio.ws/api/v4/stock/symbols,matched Gate stock-symbol universe,high,2026-09-09T08:18:38+00:00
Gate,BA_USDT,BA,Boeing Company,equity,USDT,active,25,US,https://api.gateio.ws/api/v4/futures/usdt/contracts + https://api.gateio.ws/api/v4/stock/symbols,matched Gate stock-symbol universe,high,2026-09-09T08:18:38+00:00
Gate,BABA_USDT,BABA,"Alibaba Group Holding Limited American Depositary Shares, each represents eight Ordinary Shares",equity,USDT,active,50,US,https://api.gateio.ws/api/v4/futures/usdt/contracts + https://api.gateio.ws/api/v4/stock/symbols,matched Gate stock-symbol universe,high,2026-09-09T08:18:38+00:00
Gate,BAC_USDT,BAC,Bank of America Corporation,equity,USDT,active,20,US,https://api.gateio.ws/api/v4/futures/usdt/contracts + https://api.gateio.ws/api/v4/stock/symbols,matched Gate stock-symbol universe,high,2026-09-09T08:18:38+00:00
Gate,BAND_USDT,BAND,Bandwidth Inc. Class A,equity,USDT,active,20,US,https://api.gateio.ws/api/v4/futures/usdt/contracts + https://api.gateio.ws/api/v4/stock/symbols,matched Gate stock-symbol universe,high,2026-09-09T08:18:38+00:00
Gate,BB_USDT,BB,BlackBerry Limited,equity,USDT,active,50,US,https://api.gateio.ws/api/v4/futures/usdt/contracts + https://api.gateio.ws/api/v4/stock/symbols,matched Gate stock-symbol universe,high,2026-09-09T08:18:38+00:00
Gate,BE_USDT,BE,Bloom Energy Corporation,equity,USDT,active,50,US,https://api.gateio.ws/api/v4/futures/usdt/contracts + https://api.gateio.ws/api/v4/stock/symbols,matched Gate stock-symbol universe,high,2026-09-09T08:18:38+00:00
Gate,BEN_USDT,BEN,"Franklin Resources, Inc.",equity,USDT,active,10,US,https://api.gateio.ws/api/v4/futures/usdt/contracts + https://api.gateio.ws/api/v4/stock/symbols,matched Gate stock-symbol universe,high,2026-09-09T08:18:38+00:00
Gate,BIIB_USDT,BIIB,Biogen Inc.,equity,USDT,active,20,US,https://api.gateio.ws/api/v4/futures/usdt/contracts + https://api.gateio.ws/api/v4/stock/symbols,matched Gate stock-symbol universe,high,2026-09-09T08:18:38+00:00
Gate,BILL_USDT,BILL,"BILL Holdings, Inc.",equity,USDT,active,20,US,https://api.gateio.ws/api/v4/futures/usdt/contracts + https://api.gateio.ws/api/v4/stock/symbols,matched Gate stock-symbol universe,high,2026-09-09T08:18:38+00:00
Gate,BIO_USDT,BIO,"Bio-Rad Laboratories, Inc.Class A",equity,USDT,active,50,US,https://api.gateio.ws/api/v4/futures/usdt/contracts + https://api.gateio.ws/api/v4/stock/symbols,matched Gate stock-symbol universe,high,2026-09-09T08:18:38+00:00
Gate,BITO_USDT,BITO,ProShares Bitcoin ETF,etf,USDT,active,20,US,https://api.gateio.ws/api/v4/futures/usdt/contracts + https://api.gateio.ws/api/v4/stock/symbols,matched Gate stock-symbol universe,high,2026-09-09T08:18:38+00:00
Gate,BKNG_USDT,BKNG,Booking Holdings Inc.,equity,USDT,active,20,US,https://api.gateio.ws/api/v4/futures/usdt/contracts + https://api.gateio.ws/api/v4/stock/symbols,matched Gate stock-symbol universe,high,2026-09-09T08:18:38+00:00
Gate,BMNR_USDT,BMNR,"BitMine Immersion Technologies, Inc.",equity,USDT,active,50,US,https://api.gateio.ws/api/v4/futures/usdt/contracts + https://api.gateio.ws/api/v4/stock/symbols,matched Gate stock-symbol universe,high,2026-09-09T08:18:38+00:00
Gate,BOTZ_USDT,BOTZ,Global X Funds Global X Robotics & Artificial Intelligence ETF,etf,USDT,active,20,US,https://api.gateio.ws/api/v4/futures/usdt/contracts + https://api.gateio.ws/api/v4/stock/symbols,matched Gate stock-symbol universe,high,2026-09-09T08:18:38+00:00
Gate,BP_USDT,BP,BP p.l.c.,equity,USDT,active,10,US,https://api.gateio.ws/api/v4/futures/usdt/contracts + https://api.gateio.ws/api/v4/stock/symbols,matched Gate stock-symbol universe,high,2026-09-09T08:18:38+00:00
Gate,BR_USDT,BR,Broadridge Financial Solutions Inc,equity,USDT,active,20,US,https://api.gateio.ws/api/v4/futures/usdt/contracts + https://api.gateio.ws/api/v4/stock/symbols,matched Gate stock-symbol universe,high,2026-09-09T08:18:38+00:00
Gate,BSV_USDT,BSV,Vanguard Short-Term Bond ETF,etf,USDT,active,50,US,https://api.gateio.ws/api/v4/futures/usdt/contracts + https://api.gateio.ws/api/v4/stock/symbols,matched Gate stock-symbol universe,high,2026-09-09T08:18:38+00:00
Gate,BSX_USDT,BSX,Boston Scientific Corp.,equity,USDT,active,20,US,https://api.gateio.ws/api/v4/futures/usdt/contracts + https://api.gateio.ws/api/v4/stock/symbols,matched Gate stock-symbol universe,high,2026-09-09T08:18:38+00:00
Gate,BTC_USDT,BTC,Grayscale Bitcoin Mini Trust ETF,etf,USDT,active,200,US,https://api.gateio.ws/api/v4/futures/usdt/contracts + https://api.gateio.ws/api/v4/stock/symbols,matched Gate stock-symbol universe,high,2026-09-09T08:18:38+00:00
Gate,BUD_USDT,BUD,Anheuser-Busch INBEV SA/NV,equity,USDT,active,20,US,https://api.gateio.ws/api/v4/futures/usdt/contracts + https://api.gateio.ws/api/v4/stock/symbols,matched Gate stock-symbol universe,high,2026-09-09T08:18:38+00:00
Gate,BWXT_USDT,BWXT,"BWX Technologies, Inc.",equity,USDT,active,20,US,https://api.gateio.ws/api/v4/futures/usdt/contracts + https://api.gateio.ws/api/v4/stock/symbols,matched Gate stock-symbol universe,high,2026-09-09T08:18:38+00:00
Gate,BX_USDT,BX,Blackstone Inc.,equity,USDT,active,20,US,https://api.gateio.ws/api/v4/futures/usdt/contracts + https://api.gateio.ws/api/v4/stock/symbols,matched Gate stock-symbol universe,high,2026-09-09T08:18:38+00:00
Gate,BYD_USDT,BYD,Boyd Gaming Corporation,equity,USDT,active,20,US,https://api.gateio.ws/api/v4/futures/usdt/contracts + https://api.gateio.ws/api/v4/stock/symbols,matched Gate stock-symbol universe,high,2026-09-09T08:18:38+00:00
Gate,BZ_USDT,BZ,KANZHUN LIMITED American Depository Shares,equity,USDT,active,100,US,https://api.gateio.ws/api/v4/futures/usdt/contracts + https://api.gateio.ws/api/v4/stock/symbols,matched Gate stock-symbol universe,high,2026-09-09T08:18:38+00:00
Gate,C_USDT,C,Citigroup Inc.,equity,USDT,active,20,US,https://api.gateio.ws/api/v4/futures/usdt/contracts + https://api.gateio.ws/api/v4/stock/symbols,matched Gate stock-symbol universe,high,2026-09-09T08:18:38+00:00
Gate,CAKE_USDT,CAKE,Cheesecake Factory (The),equity,USDT,active,75,US,https://api.gateio.ws/api/v4/futures/usdt/contracts + https://api.gateio.ws/api/v4/stock/symbols,matched Gate stock-symbol universe,high,2026-09-09T08:18:38+00:00
Gate,CARR_USDT,CARR,Carrier Global Corporation,equity,USDT,active,20,US,https://api.gateio.ws/api/v4/futures/usdt/contracts + https://api.gateio.ws/api/v4/stock/symbols,matched Gate stock-symbol universe,high,2026-09-09T08:18:38+00:00
Gate,CAT_USDT,CAT,Caterpillar Inc.,equity,USDT,active,20,US,https://api.gateio.ws/api/v4/futures/usdt/contracts + https://api.gateio.ws/api/v4/stock/symbols,matched Gate stock-symbol universe,high,2026-09-09T08:18:38+00:00
Gate,CATL_USDT,CATL,CATL,equity,USDT,active,20,HK,https://api.gateio.ws/api/v4/futures/usdt/contracts + https://api.gateio.ws/api/v4/stock/symbols,matched Gate stock-symbol universe,high,2026-09-09T08:18:38+00:00
Gate,CBRS_USDT,CBRS,Cerebras Systems Inc. Class A,equity,USDT,active,50,US,https://api.gateio.ws/api/v4/futures/usdt/contracts + https://api.gateio.ws/api/v4/stock/symbols,matched Gate stock-symbol universe,high,2026-09-09T08:18:38+00:00
Gate,CC_USDT,CC,The Chemours Company,equity,USDT,active,50,US,https://api.gateio.ws/api/v4/futures/usdt/contracts + https://api.gateio.ws/api/v4/stock/symbols,matched Gate stock-symbol universe,high,2026-09-09T08:18:38+00:00
Gate,CCJ_USDT,CCJ,Cameco Corporation,equity,USDT,active,20,US,https://api.gateio.ws/api/v4/futures/usdt/contracts + https://api.gateio.ws/api/v4/stock/symbols,matched Gate stock-symbol universe,high,2026-09-09T08:18:38+00:00
Gate,CCL_USDT,CCL,Carnival Corporation Ltd.,equity,USDT,active,20,US,https://api.gateio.ws/api/v4/futures/usdt/contracts + https://api.gateio.ws/api/v4/stock/symbols,matched Gate stock-symbol universe,high,2026-09-09T08:18:38+00:00
Gate,CEG_USDT,CEG,Constellation Energy Corporation,equity,USDT,active,20,US,https://api.gateio.ws/api/v4/futures/usdt/contracts + https://api.gateio.ws/api/v4/stock/symbols,matched Gate stock-symbol universe,high,2026-09-09T08:18:38+00:00
Gate,CFG_USDT,CFG,"Citizens Financial Group, Inc.",equity,USDT,active,20,US,https://api.gateio.ws/api/v4/futures/usdt/contracts + https://api.gateio.ws/api/v4/stock/symbols,matched Gate stock-symbol universe,high,2026-09-09T08:18:38+00:00
Gate,CGNX_USDT,CGNX,Cognex Corp,equity,USDT,active,20,US,https://api.gateio.ws/api/v4/futures/usdt/contracts + https://api.gateio.ws/api/v4/stock/symbols,matched Gate stock-symbol universe,high,2026-09-09T08:18:38+00:00
Gate,CIEN_USDT,CIEN,Ciena Corporation,equity,USDT,active,20,US,https://api.gateio.ws/api/v4/futures/usdt/contracts + https://api.gateio.ws/api/v4/stock/symbols,matched Gate stock-symbol universe,high,2026-09-09T08:18:38+00:00
Gate,CIFR_USDT,CIFR,Cipher Digital Inc.,equity,USDT,active,20,US,https://api.gateio.ws/api/v4/futures/usdt/contracts + https://api.gateio.ws/api/v4/stock/symbols,matched Gate stock-symbol universe,high,2026-09-09T08:18:38+00:00
Gate,CIG_USDT,CIG,CIG,equity,USDT,active,20,HK,https://api.gateio.ws/api/v4/futures/usdt/contracts + https://api.gateio.ws/api/v4/stock/symbols,matched Gate stock-symbol universe,high,2026-09-09T08:18:38+00:00
Gate,CITIC_USDT,CITIC,CITIC,equity,USDT,active,25,HK,https://api.gateio.ws/api/v4/futures/usdt/contracts + https://api.gateio.ws/api/v4/stock/symbols,matched Gate stock-symbol universe,high,2026-09-09T08:18:38+00:00
Gate,CL_USDT,CL,Colgate-Palmolive Company,equity,USDT,active,100,US,https://api.gateio.ws/api/v4/futures/usdt/contracts + https://api.gateio.ws/api/v4/stock/symbols,matched Gate stock-symbol universe,high,2026-09-09T08:18:38+00:00
Gate,CLS_USDT,CLS,"Celestica, Inc.",equity,USDT,active,20,US,https://api.gateio.ws/api/v4/futures/usdt/contracts + https://api.gateio.ws/api/v4/stock/symbols,matched Gate stock-symbol universe,high,2026-09-09T08:18:38+00:00
Gate,CLSK_USDT,CLSK,CLEANSPARK INC,equity,USDT,active,20,US,https://api.gateio.ws/api/v4/futures/usdt/contracts + https://api.gateio.ws/api/v4/stock/symbols,matched Gate stock-symbol universe,high,2026-09-09T08:18:38+00:00
Gate,CMCSA_USDT,CMCSA,Comcast Corp,equity,USDT,active,20,US,https://api.gateio.ws/api/v4/futures/usdt/contracts + https://api.gateio.ws/api/v4/stock/symbols,matched Gate stock-symbol universe,high,2026-09-09T08:18:38+00:00
Gate,CMI_USDT,CMI,Cummins Inc.,equity,USDT,active,20,US,https://api.gateio.ws/api/v4/futures/usdt/contracts + https://api.gateio.ws/api/v4/stock/symbols,matched Gate stock-symbol universe,high,2026-09-09T08:18:38+00:00
Gate,CMOC_USDT,CMOC,CMOC,equity,USDT,active,20,HK,https://api.gateio.ws/api/v4/futures/usdt/contracts + https://api.gateio.ws/api/v4/stock/symbols,matched Gate stock-symbol universe,high,2026-09-09T08:18:38+00:00
Gate,COF_USDT,COF,Capital One Financial,equity,USDT,active,20,US,https://api.gateio.ws/api/v4/futures/usdt/contracts + https://api.gateio.ws/api/v4/stock/symbols,matched Gate stock-symbol universe,high,2026-09-09T08:18:38+00:00
Gate,COHR_USDT,COHR,Coherent Corp.,equity,USDT,active,25,US,https://api.gateio.ws/api/v4/futures/usdt/contracts + https://api.gateio.ws/api/v4/stock/symbols,matched Gate stock-symbol universe,high,2026-09-09T08:18:38+00:00
Gate,COIN_USDT,COIN,"Coinbase Global, Inc. Class A",equity,USDT,active,50,US,https://api.gateio.ws/api/v4/futures/usdt/contracts + https://api.gateio.ws/api/v4/stock/symbols,matched Gate stock-symbol universe,high,2026-09-09T08:18:38+00:00
Gate,COMP_USDT,COMP,"Compass, Inc.",equity,USDT,active,25,US,https://api.gateio.ws/api/v4/futures/usdt/contracts + https://api.gateio.ws/api/v4/stock/symbols,matched Gate stock-symbol universe,high,2026-09-09T08:18:38+00:00
Gate,COP_USDT,COP,ConocoPhillips,equity,USDT,active,20,US,https://api.gateio.ws/api/v4/futures/usdt/contracts + https://api.gateio.ws/api/v4/stock/symbols,matched Gate stock-symbol universe,high,2026-09-09T08:18:38+00:00
Gate,COST_USDT,COST,Costco Wholesale Corp,equity,USDT,active,25,US,https://api.gateio.ws/api/v4/futures/usdt/contracts + https://api.gateio.ws/api/v4/stock/symbols,matched Gate stock-symbol universe,high,2026-09-09T08:18:38+00:00
Gate,CP_USDT,CP,Canadian Pacific Kansas City Limited,equity,USDT,active,20,US,https://api.gateio.ws/api/v4/futures/usdt/contracts + https://api.gateio.ws/api/v4/stock/symbols,matched Gate stock-symbol universe,high,2026-09-09T08:18:38+00:00
Gate,CPNG_USDT,CPNG,"Coupang, Inc.",equity,USDT,active,20,US,https://api.gateio.ws/api/v4/futures/usdt/contracts + https://api.gateio.ws/api/v4/stock/symbols,matched Gate stock-symbol universe,high,2026-09-09T08:18:38+00:00
Gate,CRCL_USDT,CRCL,"Circle Internet Group, Inc.",equity,USDT,active,50,US,https://api.gateio.ws/api/v4/futures/usdt/contracts + https://api.gateio.ws/api/v4/stock/symbols,matched Gate stock-symbol universe,high,2026-09-09T08:18:38+00:00
Gate,CRDO_USDT,CRDO,Credo Technology Group Holding Ltd Ordinary Shares,equity,USDT,active,20,US,https://api.gateio.ws/api/v4/futures/usdt/contracts + https://api.gateio.ws/api/v4/stock/symbols,matched Gate stock-symbol universe,high,2026-09-09T08:18:38+00:00
Gate,CRM_USDT,CRM,"Salesforce, Inc.",equity,USDT,active,20,US,https://api.gateio.ws/api/v4/futures/usdt/contracts + https://api.gateio.ws/api/v4/stock/symbols,matched Gate stock-symbol universe,high,2026-09-09T08:18:38+00:00
Gate,CRWV_USDT,CRWV,"CoreWeave, Inc. Class A",equity,USDT,active,50,US,https://api.gateio.ws/api/v4/futures/usdt/contracts + https://api.gateio.ws/api/v4/stock/symbols,matched Gate stock-symbol universe,high,2026-09-09T08:18:38+00:00
Gate,CSCO_USDT,CSCO,"Cisco Systems, Inc. Common Stock (DE)",equity,USDT,active,25,US,https://api.gateio.ws/api/v4/futures/usdt/contracts + https://api.gateio.ws/api/v4/stock/symbols,matched Gate stock-symbol universe,high,2026-09-09T08:18:38+00:00
Gate,CVS_USDT,CVS,CVS HEALTH CORPORATION,equity,USDT,active,20,US,https://api.gateio.ws/api/v4/futures/usdt/contracts + https://api.gateio.ws/api/v4/stock/symbols,matched Gate stock-symbol universe,high,2026-09-09T08:18:38+00:00
Gate,CVX_USDT,CVX,Chevron Corporation,equity,USDT,active,25,US,https://api.gateio.ws/api/v4/futures/usdt/contracts + https://api.gateio.ws/api/v4/stock/symbols,matched Gate stock-symbol universe,high,2026-09-09T08:18:38+00:00
Gate,DASH_USDT,DASH,"DoorDash, Inc. Class A",equity,USDT,active,50,US,https://api.gateio.ws/api/v4/futures/usdt/contracts + https://api.gateio.ws/api/v4/stock/symbols,matched Gate stock-symbol universe,high,2026-09-09T08:18:38+00:00
Gate,DDOG_USDT,DDOG,"Datadog, Inc. Class A",equity,USDT,active,20,US,https://api.gateio.ws/api/v4/futures/usdt/contracts + https://api.gateio.ws/api/v4/stock/symbols,matched Gate stock-symbol universe,high,2026-09-09T08:18:38+00:00
Gate,DELL_USDT,DELL,Dell Technologies Inc.,equity,USDT,active,50,US,https://api.gateio.ws/api/v4/futures/usdt/contracts + https://api.gateio.ws/api/v4/stock/symbols,matched Gate stock-symbol universe,high,2026-09-09T08:18:38+00:00
Gate,DIA_USDT,DIA,State Street SPDR Dow Jones Industrial Average ETF Trust,etf,USDT,active,10,US,https://api.gateio.ws/api/v4/futures/usdt/contracts + https://api.gateio.ws/api/v4/stock/symbols,matched Gate stock-symbol universe,high,2026-09-09T08:18:38+00:00
Gate,DIS_USDT,DIS,The Walt Disney Company,equity,USDT,active,20,US,https://api.gateio.ws/api/v4/futures/usdt/contracts + https://api.gateio.ws/api/v4/stock/symbols,matched Gate stock-symbol universe,high,2026-09-09T08:18:38+00:00
Gate,DKNG_USDT,DKNG,DraftKings Inc. Class A,equity,USDT,active,20,US,https://api.gateio.ws/api/v4/futures/usdt/contracts + https://api.gateio.ws/api/v4/stock/symbols,matched Gate stock-symbol universe,high,2026-09-09T08:18:38+00:00
Gate,DRAM_USDT,DRAM,Roundhill Memory ETF,etf,USDT,active,75,US,https://api.gateio.ws/api/v4/futures/usdt/contracts + https://api.gateio.ws/api/v4/stock/symbols,matched Gate stock-symbol universe,high,2026-09-09T08:18:38+00:00
Gate,EBAY_USDT,EBAY,eBay Inc,equity,USDT,active,20,US,https://api.gateio.ws/api/v4/futures/usdt/contracts + https://api.gateio.ws/api/v4/stock/symbols,matched Gate stock-symbol universe,high,2026-09-09T08:18:38+00:00
Gate,EDU_USDT,EDU,"New Oriental Education and Technology Group, Inc. American Depositary Shares (each representing ten (10) Common Shares)",equity,USDT,active,50,US,https://api.gateio.ws/api/v4/futures/usdt/contracts + https://api.gateio.ws/api/v4/stock/symbols,matched Gate stock-symbol universe,high,2026-09-09T08:18:38+00:00
Gate,EEM_USDT,EEM,iShares MSCI Emerging Markets ETF,etf,USDT,active,20,US,https://api.gateio.ws/api/v4/futures/usdt/contracts + https://api.gateio.ws/api/v4/stock/symbols,matched Gate stock-symbol universe,high,2026-09-09T08:18:38+00:00
Gate,ENS_USDT,ENS,"EnerSys, Inc.",equity,USDT,active,75,US,https://api.gateio.ws/api/v4/futures/usdt/contracts + https://api.gateio.ws/api/v4/stock/symbols,matched Gate stock-symbol universe,high,2026-09-09T08:18:38+00:00
Gate,ETH_USDT,ETH,Grayscale Ethereum Staking Mini ETF Shares,etf,USDT,active,200,US,https://api.gateio.ws/api/v4/futures/usdt/contracts + https://api.gateio.ws/api/v4/stock/symbols,matched Gate stock-symbol universe,high,2026-09-09T08:18:38+00:00
Gate,EWJ_USDT,EWJ,iShares MSCI Japan ETF,etf,USDT,active,25,US,https://api.gateio.ws/api/v4/futures/usdt/contracts + https://api.gateio.ws/api/v4/stock/symbols,matched Gate stock-symbol universe,high,2026-09-09T08:18:38+00:00
Gate,EWT_USDT,EWT,iShares MSCI Taiwan ETF,etf,USDT,active,25,US,https://api.gateio.ws/api/v4/futures/usdt/contracts + https://api.gateio.ws/api/v4/stock/symbols,matched Gate stock-symbol universe,high,2026-09-09T08:18:38+00:00
Gate,EWY_USDT,EWY,iShares MSCI South Korea ETF,etf,USDT,active,50,US,https://api.gateio.ws/api/v4/futures/usdt/contracts + https://api.gateio.ws/api/v4/stock/symbols,matched Gate stock-symbol universe,high,2026-09-09T08:18:38+00:00
Gate,EWZ_USDT,EWZ,iShares MSCI Brazil ETF,etf,USDT,active,20,US,https://api.gateio.ws/api/v4/futures/usdt/contracts + https://api.gateio.ws/api/v4/stock/symbols,matched Gate stock-symbol universe,high,2026-09-09T08:18:38+00:00
Gate,F_USDT,F,Ford Motor Company,equity,USDT,active,25,US,https://api.gateio.ws/api/v4/futures/usdt/contracts + https://api.gateio.ws/api/v4/stock/symbols,matched Gate stock-symbol universe,high,2026-09-09T08:18:38+00:00
Gate,FCX_USDT,FCX,Freeport-McMoran Inc.,equity,USDT,active,20,US,https://api.gateio.ws/api/v4/futures/usdt/contracts + https://api.gateio.ws/api/v4/stock/symbols,matched Gate stock-symbol universe,high,2026-09-09T08:18:38+00:00
Gate,FIX_USDT,FIX,"Comfort Systems USA, Inc.",equity,USDT,active,20,US,https://api.gateio.ws/api/v4/futures/usdt/contracts + https://api.gateio.ws/api/v4/stock/symbols,matched Gate stock-symbol universe,high,2026-09-09T08:18:38+00:00
Gate,FLEX_USDT,FLEX,Flex Ltd. Ordinary Shares,equity,USDT,active,20,US,https://api.gateio.ws/api/v4/futures/usdt/contracts + https://api.gateio.ws/api/v4/stock/symbols,matched Gate stock-symbol universe,high,2026-09-09T08:18:38+00:00
Gate,FLNC_USDT,FLNC,"Fluence Energy, Inc. Class A",equity,USDT,active,20,US,https://api.gateio.ws/api/v4/futures/usdt/contracts + https://api.gateio.ws/api/v4/stock/symbols,matched Gate stock-symbol universe,high,2026-09-09T08:18:38+00:00
Gate,FLR_USDT,FLR,Fluor Corporation,equity,USDT,active,20,US,https://api.gateio.ws/api/v4/futures/usdt/contracts + https://api.gateio.ws/api/v4/stock/symbols,matched Gate stock-symbol universe,high,2026-09-09T08:18:38+00:00
Gate,FN_USDT,FN,Fabrinet,equity,USDT,active,20,US,https://api.gateio.ws/api/v4/futures/usdt/contracts + https://api.gateio.ws/api/v4/stock/symbols,matched Gate stock-symbol universe,high,2026-09-09T08:18:38+00:00
Gate,FORM_USDT,FORM,FormFactor Inc.,equity,USDT,active,50,US,https://api.gateio.ws/api/v4/futures/usdt/contracts + https://api.gateio.ws/api/v4/stock/symbols,matched Gate stock-symbol universe,high,2026-09-09T08:18:38+00:00
Gate,FOXA_USDT,FOXA,Fox Corporation Class A,equity,USDT,active,20,US,https://api.gateio.ws/api/v4/futures/usdt/contracts + https://api.gateio.ws/api/v4/stock/symbols,matched Gate stock-symbol universe,high,2026-09-09T08:18:38+00:00
Gate,FSLR_USDT,FSLR,"First Solar, Inc.",equity,USDT,active,20,US,https://api.gateio.ws/api/v4/futures/usdt/contracts + https://api.gateio.ws/api/v4/stock/symbols,matched Gate stock-symbol universe,high,2026-09-09T08:18:38+00:00
Gate,G_USDT,G,GENPACT LIMITED,equity,USDT,active,25,US,https://api.gateio.ws/api/v4/futures/usdt/contracts + https://api.gateio.ws/api/v4/stock/symbols,matched Gate stock-symbol universe,high,2026-09-09T08:18:38+00:00
Gate,GD_USDT,GD,General Dynamics Corporation,equity,USDT,active,25,US,https://api.gateio.ws/api/v4/futures/usdt/contracts + https://api.gateio.ws/api/v4/stock/symbols,matched Gate stock-symbol universe,high,2026-09-09T08:18:38+00:00
Gate,GDX_USDT,GDX,VanEck Gold Miners ETF,etf,USDT,active,20,US,https://api.gateio.ws/api/v4/futures/usdt/contracts + https://api.gateio.ws/api/v4/stock/symbols,matched Gate stock-symbol universe,high,2026-09-09T08:18:38+00:00
Gate,GE_USDT,GE,GE Aerospace,equity,USDT,active,25,US,https://api.gateio.ws/api/v4/futures/usdt/contracts + https://api.gateio.ws/api/v4/stock/symbols,matched Gate stock-symbol universe,high,2026-09-09T08:18:38+00:00
Gate,GEV_USDT,GEV,GE Vernova Inc.,equity,USDT,active,20,US,https://api.gateio.ws/api/v4/futures/usdt/contracts + https://api.gateio.ws/api/v4/stock/symbols,matched Gate stock-symbol universe,high,2026-09-09T08:18:38+00:00
Gate,GFS_USDT,GFS,GlobalFoundries Inc. Ordinary Shares,equity,USDT,active,20,US,https://api.gateio.ws/api/v4/futures/usdt/contracts + https://api.gateio.ws/api/v4/stock/symbols,matched Gate stock-symbol universe,high,2026-09-09T08:18:38+00:00
Gate,GGLL_USDT,GGLL,Direxion Shares ETF Trust Direxion Daily GOOGL Bull 2X ETF,etf,USDT,active,20,US,https://api.gateio.ws/api/v4/futures/usdt/contracts + https://api.gateio.ws/api/v4/stock/symbols,matched Gate stock-symbol universe,high,2026-09-09T08:18:38+00:00
Gate,GILD_USDT,GILD,Gilead Sciences Inc,equity,USDT,active,20,US,https://api.gateio.ws/api/v4/futures/usdt/contracts + https://api.gateio.ws/api/v4/stock/symbols,matched Gate stock-symbol universe,high,2026-09-09T08:18:38+00:00
Gate,GLD_USDT,GLD,"SPDR Gold Trust, SPDR Gold Shares",etf,USDT,active,20,US,https://api.gateio.ws/api/v4/futures/usdt/contracts + https://api.gateio.ws/api/v4/stock/symbols,matched Gate stock-symbol universe,high,2026-09-09T08:18:38+00:00
Gate,GLW_USDT,GLW,Corning Incorporated,equity,USDT,active,50,US,https://api.gateio.ws/api/v4/futures/usdt/contracts + https://api.gateio.ws/api/v4/stock/symbols,matched Gate stock-symbol universe,high,2026-09-09T08:18:38+00:00
Gate,GME_USDT,GME,GameStop Corp. Class A,equity,USDT,active,20,US,https://api.gateio.ws/api/v4/futures/usdt/contracts + https://api.gateio.ws/api/v4/stock/symbols,matched Gate stock-symbol universe,high,2026-09-09T08:18:38+00:00
Gate,GOOGL_USDT,GOOGL,Alphabet Inc. Class A,equity,USDT,active,100,US,https://api.gateio.ws/api/v4/futures/usdt/contracts + https://api.gateio.ws/api/v4/stock/symbols,matched Gate stock-symbol universe,high,2026-09-09T08:18:38+00:00
Gate,GS_USDT,GS,Goldman Sachs Group Inc.,equity,USDT,active,20,US,https://api.gateio.ws/api/v4/futures/usdt/contracts + https://api.gateio.ws/api/v4/stock/symbols,matched Gate stock-symbol universe,high,2026-09-09T08:18:38+00:00
Gate,GTLB_USDT,GTLB,GitLab Inc. Class A,equity,USDT,active,20,US,https://api.gateio.ws/api/v4/futures/usdt/contracts + https://api.gateio.ws/api/v4/stock/symbols,matched Gate stock-symbol universe,high,2026-09-09T08:18:38+00:00
Gate,H_USDT,H,Hyatt Hotels Corporation,equity,USDT,active,10,US,https://api.gateio.ws/api/v4/futures/usdt/contracts + https://api.gateio.ws/api/v4/stock/symbols,matched Gate stock-symbol universe,high,2026-09-09T08:18:38+00:00
Gate,HD_USDT,HD,"Home Depot, Inc.",equity,USDT,active,20,US,https://api.gateio.ws/api/v4/futures/usdt/contracts + https://api.gateio.ws/api/v4/stock/symbols,matched Gate stock-symbol universe,high,2026-09-09T08:18:38+00:00
Gate,HEI_USDT,HEI,HEICO Corporation,equity,USDT,active,10,US,https://api.gateio.ws/api/v4/futures/usdt/contracts + https://api.gateio.ws/api/v4/stock/symbols,matched Gate stock-symbol universe,high,2026-09-09T08:18:38+00:00
Gate,HIMS_USDT,HIMS,"Hims & Hers Health, Inc.",equity,USDT,active,25,US,https://api.gateio.ws/api/v4/futures/usdt/contracts + https://api.gateio.ws/api/v4/stock/symbols,matched Gate stock-symbol universe,high,2026-09-09T08:18:38+00:00
Gate,HIVE_USDT,HIVE,HIVE Digital Technologies Ltd. Common Shares,equity,USDT,active,25,US,https://api.gateio.ws/api/v4/futures/usdt/contracts + https://api.gateio.ws/api/v4/stock/symbols,matched Gate stock-symbol universe,high,2026-09-09T08:18:38+00:00
Gate,HOOD_USDT,HOOD,"Robinhood Markets, Inc. Class A",equity,USDT,active,50,US,https://api.gateio.ws/api/v4/futures/usdt/contracts + https://api.gateio.ws/api/v4/stock/symbols,matched Gate stock-symbol universe,high,2026-09-09T08:18:38+00:00
Gate,HPE_USDT,HPE,Hewlett Packard Enterprise Company,equity,USDT,active,20,US,https://api.gateio.ws/api/v4/futures/usdt/contracts + https://api.gateio.ws/api/v4/stock/symbols,matched Gate stock-symbol universe,high,2026-09-09T08:18:38+00:00
Gate,HPSP_USDT,HPSP,HPSP,equity,USDT,active,20,KR,https://api.gateio.ws/api/v4/futures/usdt/contracts + https://api.gateio.ws/api/v4/stock/symbols,matched Gate stock-symbol universe,high,2026-09-09T08:18:38+00:00
Gate,HSBC_USDT,HSBC,HSBC Holdings PLC,equity,USDT,active,20,US,https://api.gateio.ws/api/v4/futures/usdt/contracts + https://api.gateio.ws/api/v4/stock/symbols,matched Gate stock-symbol universe,high,2026-09-09T08:18:38+00:00
Gate,IAU_USDT,IAU,iShares Gold Trust,etf,USDT,active,20,US,https://api.gateio.ws/api/v4/futures/usdt/contracts + https://api.gateio.ws/api/v4/stock/symbols,matched Gate stock-symbol universe,high,2026-09-09T08:18:38+00:00
Gate,IBB_USDT,IBB,iShares Biotechnology ETF,etf,USDT,active,20,US,https://api.gateio.ws/api/v4/futures/usdt/contracts + https://api.gateio.ws/api/v4/stock/symbols,matched Gate stock-symbol universe,high,2026-09-09T08:18:38+00:00
Gate,IBIT_USDT,IBIT,iShares Bitcoin Trust ETF,etf,USDT,active,20,US,https://api.gateio.ws/api/v4/futures/usdt/contracts + https://api.gateio.ws/api/v4/stock/symbols,matched Gate stock-symbol universe,high,2026-09-09T08:18:38+00:00
Gate,IBM_USDT,IBM,International Business Machines Corporation,equity,USDT,active,50,US,https://api.gateio.ws/api/v4/futures/usdt/contracts + https://api.gateio.ws/api/v4/stock/symbols,matched Gate stock-symbol universe,high,2026-09-09T08:18:38+00:00
Gate,IEFA_USDT,IEFA,iShares Core MSCI EAFE ETF,etf,USDT,active,20,US,https://api.gateio.ws/api/v4/futures/usdt/contracts + https://api.gateio.ws/api/v4/stock/symbols,matched Gate stock-symbol universe,high,2026-09-09T08:18:38+00:00
Gate,INFQ_USDT,INFQ,"Infleqtion, Inc.",equity,USDT,active,20,US,https://api.gateio.ws/api/v4/futures/usdt/contracts + https://api.gateio.ws/api/v4/stock/symbols,matched Gate stock-symbol universe,high,2026-09-09T08:18:38+00:00
Gate,INTC_USDT,INTC,Intel Corp,equity,USDT,active,75,US,https://api.gateio.ws/api/v4/futures/usdt/contracts + https://api.gateio.ws/api/v4/stock/symbols,matched Gate stock-symbol universe,high,2026-09-09T08:18:38+00:00
Gate,INTU_USDT,INTU,Intuit Inc,equity,USDT,active,20,US,https://api.gateio.ws/api/v4/futures/usdt/contracts + https://api.gateio.ws/api/v4/stock/symbols,matched Gate stock-symbol universe,high,2026-09-09T08:18:38+00:00
Gate,INTW_USDT,INTW,GraniteShares 2x Long INTC Daily ETF,etf,USDT,active,25,US,https://api.gateio.ws/api/v4/futures/usdt/contracts + https://api.gateio.ws/api/v4/stock/symbols,matched Gate stock-symbol universe,high,2026-09-09T08:18:38+00:00
Gate,IONQ_USDT,IONQ,"IonQ, Inc.",equity,USDT,active,20,US,https://api.gateio.ws/api/v4/futures/usdt/contracts + https://api.gateio.ws/api/v4/stock/symbols,matched Gate stock-symbol universe,high,2026-09-09T08:18:38+00:00
Gate,IREN_USDT,IREN,IREN Limited,equity,USDT,active,25,US,https://api.gateio.ws/api/v4/futures/usdt/contracts + https://api.gateio.ws/api/v4/stock/symbols,matched Gate stock-symbol universe,high,2026-09-09T08:18:38+00:00
Gate,ISRG_USDT,ISRG,Intuitive Surgical Inc.,equity,USDT,active,20,US,https://api.gateio.ws/api/v4/futures/usdt/contracts + https://api.gateio.ws/api/v4/stock/symbols,matched Gate stock-symbol universe,high,2026-09-09T08:18:38+00:00
Gate,IVV_USDT,IVV,iShares Core S&P 500 ETF,etf,USDT,active,20,US,https://api.gateio.ws/api/v4/futures/usdt/contracts + https://api.gateio.ws/api/v4/stock/symbols,matched Gate stock-symbol universe,high,2026-09-09T08:18:38+00:00
Gate,IWM_USDT,IWM,iShares Russell 2000 ETF,etf,USDT,active,20,US,https://api.gateio.ws/api/v4/futures/usdt/contracts + https://api.gateio.ws/api/v4/stock/symbols,matched Gate stock-symbol universe,high,2026-09-09T08:18:38+00:00
Gate,JCI_USDT,JCI,Johnson Controls International plc,equity,USDT,active,20,US,https://api.gateio.ws/api/v4/futures/usdt/contracts + https://api.gateio.ws/api/v4/stock/symbols,matched Gate stock-symbol universe,high,2026-09-09T08:18:38+00:00
Gate,JD_USDT,JD,"JD.com, Inc.",equity,USDT,active,20,US,https://api.gateio.ws/api/v4/futures/usdt/contracts + https://api.gateio.ws/api/v4/stock/symbols,matched Gate stock-symbol universe,high,2026-09-09T08:18:38+00:00
Gate,JMKE_USDT,JMKE,Jersey Mike's Subs,equity,USDT,active,20,US,https://api.gateio.ws/api/v4/futures/usdt/contracts + https://api.gateio.ws/api/v4/stock/symbols,matched Gate stock-symbol universe,high,2026-09-09T08:18:38+00:00
Gate,JNJ_USDT,JNJ,Johnson & Johnson,equity,USDT,active,20,US,https://api.gateio.ws/api/v4/futures/usdt/contracts + https://api.gateio.ws/api/v4/stock/symbols,matched Gate stock-symbol universe,high,2026-09-09T08:18:38+00:00
Gate,JPM_USDT,JPM,JPMorgan Chase & Co.,equity,USDT,active,25,US,https://api.gateio.ws/api/v4/futures/usdt/contracts + https://api.gateio.ws/api/v4/stock/symbols,matched Gate stock-symbol universe,high,2026-09-09T08:18:38+00:00
Gate,KO_USDT,KO,Coca-Cola Company,equity,USDT,active,25,US,https://api.gateio.ws/api/v4/futures/usdt/contracts + https://api.gateio.ws/api/v4/stock/symbols,matched Gate stock-symbol universe,high,2026-09-09T08:18:38+00:00
Gate,KORU_USDT,KORU,Direxion Daily MSCI South Korea Bull 3X ETF,etf,USDT,active,25,US,https://api.gateio.ws/api/v4/futures/usdt/contracts + https://api.gateio.ws/api/v4/stock/symbols,matched Gate stock-symbol universe,high,2026-09-09T08:18:38+00:00
Gate,KWEB_USDT,KWEB,KraneShares CSI China Internet ETF,etf,USDT,active,25,US,https://api.gateio.ws/api/v4/futures/usdt/contracts + https://api.gateio.ws/api/v4/stock/symbols,matched Gate stock-symbol universe,high,2026-09-09T08:18:38+00:00
Gate,LIN_USDT,LIN,Linde plc Ordinary Share,equity,USDT,active,20,US,https://api.gateio.ws/api/v4/futures/usdt/contracts + https://api.gateio.ws/api/v4/stock/symbols,matched Gate stock-symbol universe,high,2026-09-09T08:18:38+00:00
Gate,LIT_USDT,LIT,Global X Lithium & Battery Tech ETF,etf,USDT,active,50,US,https://api.gateio.ws/api/v4/futures/usdt/contracts + https://api.gateio.ws/api/v4/stock/symbols,matched Gate stock-symbol universe,high,2026-09-09T08:18:38+00:00
Gate,LITE_USDT,LITE,Lumentum Holdings Inc.,equity,USDT,active,50,US,https://api.gateio.ws/api/v4/futures/usdt/contracts + https://api.gateio.ws/api/v4/stock/symbols,matched Gate stock-symbol universe,high,2026-09-09T08:18:38+00:00
Gate,LLY_USDT,LLY,Eli Lilly & Co.,equity,USDT,active,25,US,https://api.gateio.ws/api/v4/futures/usdt/contracts + https://api.gateio.ws/api/v4/stock/symbols,matched Gate stock-symbol universe,high,2026-09-09T08:18:38+00:00
Gate,LMT_USDT,LMT,Lockheed Martin Corp.,equity,USDT,active,20,US,https://api.gateio.ws/api/v4/futures/usdt/contracts + https://api.gateio.ws/api/v4/stock/symbols,matched Gate stock-symbol universe,high,2026-09-09T08:18:38+00:00
Gate,LQD_USDT,LQD,iShares iBoxx $ Investment Grade Corporate Bond ETF,etf,USDT,active,20,US,https://api.gateio.ws/api/v4/futures/usdt/contracts + https://api.gateio.ws/api/v4/stock/symbols,matched Gate stock-symbol universe,high,2026-09-09T08:18:38+00:00
Gate,LRCX_USDT,LRCX,Lam Research Corp,equity,USDT,active,20,US,https://api.gateio.ws/api/v4/futures/usdt/contracts + https://api.gateio.ws/api/v4/stock/symbols,matched Gate stock-symbol universe,high,2026-09-09T08:18:38+00:00
Gate,LUNR_USDT,LUNR,"Intuitive Machines, Inc. Class A",equity,USDT,active,20,US,https://api.gateio.ws/api/v4/futures/usdt/contracts + https://api.gateio.ws/api/v4/stock/symbols,matched Gate stock-symbol universe,high,2026-09-09T08:18:38+00:00
Gate,M_USDT,M,Macy's Inc.,equity,USDT,active,10,US,https://api.gateio.ws/api/v4/futures/usdt/contracts + https://api.gateio.ws/api/v4/stock/symbols,matched Gate stock-symbol universe,high,2026-09-09T08:18:38+00:00
Gate,MAR_USDT,MAR,Marriott International Class A,equity,USDT,active,20,US,https://api.gateio.ws/api/v4/futures/usdt/contracts + https://api.gateio.ws/api/v4/stock/symbols,matched Gate stock-symbol universe,high,2026-09-09T08:18:38+00:00
Gate,MARA_USDT,MARA,"MARA Holdings, Inc.",equity,USDT,active,20,US,https://api.gateio.ws/api/v4/futures/usdt/contracts + https://api.gateio.ws/api/v4/stock/symbols,matched Gate stock-symbol universe,high,2026-09-09T08:18:38+00:00
Gate,MCD_USDT,MCD,McDonald's Corporation,equity,USDT,active,25,US,https://api.gateio.ws/api/v4/futures/usdt/contracts + https://api.gateio.ws/api/v4/stock/symbols,matched Gate stock-symbol universe,high,2026-09-09T08:18:38+00:00
Gate,MCHP_USDT,MCHP,Microchip Technology Inc,equity,USDT,active,20,US,https://api.gateio.ws/api/v4/futures/usdt/contracts + https://api.gateio.ws/api/v4/stock/symbols,matched Gate stock-symbol universe,high,2026-09-09T08:18:38+00:00
Gate,MDB_USDT,MDB,"MongoDB, Inc. Class A",equity,USDT,active,20,US,https://api.gateio.ws/api/v4/futures/usdt/contracts + https://api.gateio.ws/api/v4/stock/symbols,matched Gate stock-symbol universe,high,2026-09-09T08:18:38+00:00
Gate,MELI_USDT,MELI,"MercadoLibre, Inc.",equity,USDT,active,20,US,https://api.gateio.ws/api/v4/futures/usdt/contracts + https://api.gateio.ws/api/v4/stock/symbols,matched Gate stock-symbol universe,high,2026-09-09T08:18:38+00:00
Gate,MET_USDT,MET,"MetLife, Inc.",equity,USDT,active,50,US,https://api.gateio.ws/api/v4/futures/usdt/contracts + https://api.gateio.ws/api/v4/stock/symbols,matched Gate stock-symbol universe,high,2026-09-09T08:18:38+00:00
Gate,META_USDT,META,"Meta Platforms, Inc. Class A",equity,USDT,active,100,US,https://api.gateio.ws/api/v4/futures/usdt/contracts + https://api.gateio.ws/api/v4/stock/symbols,matched Gate stock-symbol universe,high,2026-09-09T08:18:38+00:00
Gate,METU_USDT,METU,Direxion Shares ETF Trust Direxion Daily META Bull 2X ETF,etf,USDT,active,20,US,https://api.gateio.ws/api/v4/futures/usdt/contracts + https://api.gateio.ws/api/v4/stock/symbols,matched Gate stock-symbol universe,high,2026-09-09T08:18:38+00:00
Gate,MO_USDT,MO,"Altria Group, Inc.",equity,USDT,active,20,US,https://api.gateio.ws/api/v4/futures/usdt/contracts + https://api.gateio.ws/api/v4/stock/symbols,matched Gate stock-symbol universe,high,2026-09-09T08:18:38+00:00
Gate,MPWR_USDT,MPWR,"Monolithic Power Systems, Inc.",equity,USDT,active,20,US,https://api.gateio.ws/api/v4/futures/usdt/contracts + https://api.gateio.ws/api/v4/stock/symbols,matched Gate stock-symbol universe,high,2026-09-09T08:18:38+00:00
Gate,MRK_USDT,MRK,"Merck & Co., Inc.",equity,USDT,active,20,US,https://api.gateio.ws/api/v4/futures/usdt/contracts + https://api.gateio.ws/api/v4/stock/symbols,matched Gate stock-symbol universe,high,2026-09-09T08:18:38+00:00
Gate,MRNA_USDT,MRNA,"Moderna, Inc.",equity,USDT,active,20,US,https://api.gateio.ws/api/v4/futures/usdt/contracts + https://api.gateio.ws/api/v4/stock/symbols,matched Gate stock-symbol universe,high,2026-09-09T08:18:38+00:00
Gate,MRVL_USDT,MRVL,"Marvell Technology, Inc.",equity,USDT,active,50,US,https://api.gateio.ws/api/v4/futures/usdt/contracts + https://api.gateio.ws/api/v4/stock/symbols,matched Gate stock-symbol universe,high,2026-09-09T08:18:38+00:00
Gate,MSFT_USDT,MSFT,Microsoft Corp,equity,USDT,active,100,US,https://api.gateio.ws/api/v4/futures/usdt/contracts + https://api.gateio.ws/api/v4/stock/symbols,matched Gate stock-symbol universe,high,2026-09-09T08:18:38+00:00
Gate,MSFU_USDT,MSFU,Direxion Shares ETF Trust Direxion Daily MSFT Bull 2X ETF,etf,USDT,active,20,US,https://api.gateio.ws/api/v4/futures/usdt/contracts + https://api.gateio.ws/api/v4/stock/symbols,matched Gate stock-symbol universe,high,2026-09-09T08:18:38+00:00
Gate,MSTR_USDT,MSTR,Strategy Inc,equity,USDT,active,50,US,https://api.gateio.ws/api/v4/futures/usdt/contracts + https://api.gateio.ws/api/v4/stock/symbols,matched Gate stock-symbol universe,high,2026-09-09T08:18:38+00:00
Gate,MU_USDT,MU,"Micron Technology, Inc.",equity,USDT,active,75,US,https://api.gateio.ws/api/v4/futures/usdt/contracts + https://api.gateio.ws/api/v4/stock/symbols,matched Gate stock-symbol universe,high,2026-09-09T08:18:38+00:00
Gate,MUFG_USDT,MUFG,"Mitsubishi UFJ Financial Group, Inc.",equity,USDT,active,20,US,https://api.gateio.ws/api/v4/futures/usdt/contracts + https://api.gateio.ws/api/v4/stock/symbols,matched Gate stock-symbol universe,high,2026-09-09T08:18:38+00:00
Gate,MUU_USDT,MUU,Direxion Shares ETF Trust Direxion Daily MU Bull 2X ETF,etf,USDT,active,20,US,https://api.gateio.ws/api/v4/futures/usdt/contracts + https://api.gateio.ws/api/v4/stock/symbols,matched Gate stock-symbol universe,high,2026-09-09T08:18:38+00:00
Gate,MVLL_USDT,MVLL,GraniteShares 2x Long MRVL Daily ETF,etf,USDT,active,25,US,https://api.gateio.ws/api/v4/futures/usdt/contracts + https://api.gateio.ws/api/v4/stock/symbols,matched Gate stock-symbol universe,high,2026-09-09T08:18:38+00:00
Gate,NAVER_USDT,NAVER,Naver,equity,USDT,active,20,KR,https://api.gateio.ws/api/v4/futures/usdt/contracts + https://api.gateio.ws/api/v4/stock/symbols,matched Gate stock-symbol universe,high,2026-09-09T08:18:38+00:00
Gate,NBIS_USDT,NBIS,Nebius Group NV,equity,USDT,active,50,US,https://api.gateio.ws/api/v4/futures/usdt/contracts + https://api.gateio.ws/api/v4/stock/symbols,matched Gate stock-symbol universe,high,2026-09-09T08:18:38+00:00
Gate,NEE_USDT,NEE,"NextEra Energy, Inc.",equity,USDT,active,20,US,https://api.gateio.ws/api/v4/futures/usdt/contracts + https://api.gateio.ws/api/v4/stock/symbols,matched Gate stock-symbol universe,high,2026-09-09T08:18:38+00:00
Gate,NET_USDT,NET,"Cloudflare, Inc. Class A common stock, par value $0.001 per share",equity,USDT,active,20,US,https://api.gateio.ws/api/v4/futures/usdt/contracts + https://api.gateio.ws/api/v4/stock/symbols,matched Gate stock-symbol universe,high,2026-09-09T08:18:38+00:00
Gate,NFLX_USDT,NFLX,NetFlix Inc,equity,USDT,active,25,US,https://api.gateio.ws/api/v4/futures/usdt/contracts + https://api.gateio.ws/api/v4/stock/symbols,matched Gate stock-symbol universe,high,2026-09-09T08:18:38+00:00
Gate,NKE_USDT,NKE,"Nike, Inc.",equity,USDT,active,20,US,https://api.gateio.ws/api/v4/futures/usdt/contracts + https://api.gateio.ws/api/v4/stock/symbols,matched Gate stock-symbol universe,high,2026-09-09T08:18:38+00:00
Gate,NOC_USDT,NOC,Northrop Grumman Corp.,equity,USDT,active,20,US,https://api.gateio.ws/api/v4/futures/usdt/contracts + https://api.gateio.ws/api/v4/stock/symbols,matched Gate stock-symbol universe,high,2026-09-09T08:18:38+00:00
Gate,NOK_USDT,NOK,Nokia Corporation,equity,USDT,active,50,US,https://api.gateio.ws/api/v4/futures/usdt/contracts + https://api.gateio.ws/api/v4/stock/symbols,matched Gate stock-symbol universe,high,2026-09-09T08:18:38+00:00
Gate,NOW_USDT,NOW,"SERVICENOW, INC.",equity,USDT,active,20,US,https://api.gateio.ws/api/v4/futures/usdt/contracts + https://api.gateio.ws/api/v4/stock/symbols,matched Gate stock-symbol universe,high,2026-09-09T08:18:38+00:00
Gate,NVDA_USDT,NVDA,Nvidia Corp,equity,USDT,active,100,US,https://api.gateio.ws/api/v4/futures/usdt/contracts + https://api.gateio.ws/api/v4/stock/symbols,matched Gate stock-symbol universe,high,2026-09-09T08:18:38+00:00
Gate,NVDL_USDT,NVDL,GraniteShares ETF Trust GraniteShares 2x Long NVDA Daily ETF,etf,USDT,active,20,US,https://api.gateio.ws/api/v4/futures/usdt/contracts + https://api.gateio.ws/api/v4/stock/symbols,matched Gate stock-symbol universe,high,2026-09-09T08:18:38+00:00
Gate,NVO_USDT,NVO,Novo-Nordisk A/S,equity,USDT,active,20,US,https://api.gateio.ws/api/v4/futures/usdt/contracts + https://api.gateio.ws/api/v4/stock/symbols,matched Gate stock-symbol universe,high,2026-09-09T08:18:38+00:00
Gate,NXT_USDT,NXT,Nextpower Inc. Class A,equity,USDT,active,20,US,https://api.gateio.ws/api/v4/futures/usdt/contracts + https://api.gateio.ws/api/v4/stock/symbols,matched Gate stock-symbol universe,high,2026-09-09T08:18:38+00:00
Gate,O_USDT,O,Realty Income Corporation,equity,USDT,active,20,US,https://api.gateio.ws/api/v4/futures/usdt/contracts + https://api.gateio.ws/api/v4/stock/symbols,matched Gate stock-symbol universe,high,2026-09-09T08:18:38+00:00
Gate,OKTA_USDT,OKTA,"Okta, Inc. Class A",equity,USDT,active,20,US,https://api.gateio.ws/api/v4/futures/usdt/contracts + https://api.gateio.ws/api/v4/stock/symbols,matched Gate stock-symbol universe,high,2026-09-09T08:18:38+00:00
Gate,ON_USDT,ON,ON Semiconductor Corp,equity,USDT,active,5,US,https://api.gateio.ws/api/v4/futures/usdt/contracts + https://api.gateio.ws/api/v4/stock/symbols,matched Gate stock-symbol universe,high,2026-09-09T08:18:38+00:00
Gate,ONDS_USDT,ONDS,Ondas Inc.,equity,USDT,active,20,US,https://api.gateio.ws/api/v4/futures/usdt/contracts + https://api.gateio.ws/api/v4/stock/symbols,matched Gate stock-symbol universe,high,2026-09-09T08:18:38+00:00
Gate,OPEN_USDT,OPEN,Opendoor Technologies Inc,equity,USDT,active,75,US,https://api.gateio.ws/api/v4/futures/usdt/contracts + https://api.gateio.ws/api/v4/stock/symbols,matched Gate stock-symbol universe,high,2026-09-09T08:18:38+00:00
Gate,ORCL_USDT,ORCL,Oracle Corp,equity,USDT,active,25,US,https://api.gateio.ws/api/v4/futures/usdt/contracts + https://api.gateio.ws/api/v4/stock/symbols,matched Gate stock-symbol universe,high,2026-09-09T08:18:38+00:00
Gate,OUST_USDT,OUST,"Ouster, Inc.",equity,USDT,active,20,US,https://api.gateio.ws/api/v4/futures/usdt/contracts + https://api.gateio.ws/api/v4/stock/symbols,matched Gate stock-symbol universe,high,2026-09-09T08:18:38+00:00
Gate,PANW_USDT,PANW,"Palo Alto Networks, Inc.",equity,USDT,active,20,US,https://api.gateio.ws/api/v4/futures/usdt/contracts + https://api.gateio.ws/api/v4/stock/symbols,matched Gate stock-symbol universe,high,2026-09-09T08:18:38+00:00
Gate,PDD_USDT,PDD,PDD Holdings Inc.,equity,USDT,active,20,US,https://api.gateio.ws/api/v4/futures/usdt/contracts + https://api.gateio.ws/api/v4/stock/symbols,matched Gate stock-symbol universe,high,2026-09-09T08:18:38+00:00
Gate,PENG_USDT,PENG,"Penguin Solutions, Inc. Ordinary Shares",equity,USDT,active,20,US,https://api.gateio.ws/api/v4/futures/usdt/contracts + https://api.gateio.ws/api/v4/stock/symbols,matched Gate stock-symbol universe,high,2026-09-09T08:18:38+00:00
Gate,PEP_USDT,PEP,"PepsiCo, Inc.",equity,USDT,active,25,US,https://api.gateio.ws/api/v4/futures/usdt/contracts + https://api.gateio.ws/api/v4/stock/symbols,matched Gate stock-symbol universe,high,2026-09-09T08:18:38+00:00
Gate,PFE_USDT,PFE,Pfizer Inc.,equity,USDT,active,20,US,https://api.gateio.ws/api/v4/futures/usdt/contracts + https://api.gateio.ws/api/v4/stock/symbols,matched Gate stock-symbol universe,high,2026-09-09T08:18:38+00:00
Gate,PG_USDT,PG,Procter & Gamble Company,equity,USDT,active,25,US,https://api.gateio.ws/api/v4/futures/usdt/contracts + https://api.gateio.ws/api/v4/stock/symbols,matched Gate stock-symbol universe,high,2026-09-09T08:18:38+00:00
Gate,PHA_USDT,PHA,PHA,equity,USDT,active,25,KR,https://api.gateio.ws/api/v4/futures/usdt/contracts + https://api.gateio.ws/api/v4/stock/symbols,matched Gate stock-symbol universe,high,2026-09-09T08:18:38+00:00
Gate,PI_USDT,PI,"Impinj, Inc.",equity,USDT,active,50,US,https://api.gateio.ws/api/v4/futures/usdt/contracts + https://api.gateio.ws/api/v4/stock/symbols,matched Gate stock-symbol universe,high,2026-09-09T08:18:38+00:00
Gate,PLTR_USDT,PLTR,Palantir Technologies Inc. Class A,equity,USDT,active,50,US,https://api.gateio.ws/api/v4/futures/usdt/contracts + https://api.gateio.ws/api/v4/stock/symbols,matched Gate stock-symbol universe,high,2026-09-09T08:18:38+00:00
Gate,PUMP_USDT,PUMP,ProPetro Holding Corp.,equity,USDT,active,75,US,https://api.gateio.ws/api/v4/futures/usdt/contracts + https://api.gateio.ws/api/v4/stock/symbols,matched Gate stock-symbol universe,high,2026-09-09T08:18:38+00:00
Gate,PYPL_USDT,PYPL,"PayPal Holdings, Inc.",equity,USDT,active,20,US,https://api.gateio.ws/api/v4/futures/usdt/contracts + https://api.gateio.ws/api/v4/stock/symbols,matched Gate stock-symbol universe,high,2026-09-09T08:18:38+00:00
Gate,Q_USDT,Q,"Qnity Electronics, Inc.",equity,USDT,active,10,US,https://api.gateio.ws/api/v4/futures/usdt/contracts + https://api.gateio.ws/api/v4/stock/symbols,matched Gate stock-symbol universe,high,2026-09-09T08:18:38+00:00
Gate,QCOM_USDT,QCOM,Qualcomm Inc,equity,USDT,active,50,US,https://api.gateio.ws/api/v4/futures/usdt/contracts + https://api.gateio.ws/api/v4/stock/symbols,matched Gate stock-symbol universe,high,2026-09-09T08:18:38+00:00
Gate,QNT_USDT,QNT,Quantinuum Inc,equity,USDT,active,25,US,https://api.gateio.ws/api/v4/futures/usdt/contracts + https://api.gateio.ws/api/v4/stock/symbols,matched Gate stock-symbol universe,high,2026-09-09T08:18:38+00:00
Gate,QQQ_USDT,QQQ,Invesco QQQ Trust,etf,USDT,active,50,US,https://api.gateio.ws/api/v4/futures/usdt/contracts + https://api.gateio.ws/api/v4/stock/symbols,matched Gate stock-symbol universe,high,2026-09-09T08:18:38+00:00
Gate,QTUM_USDT,QTUM,Defiance Quantum ETF,etf,USDT,active,30,US,https://api.gateio.ws/api/v4/futures/usdt/contracts + https://api.gateio.ws/api/v4/stock/symbols,matched Gate stock-symbol universe,high,2026-09-09T08:18:38+00:00
Gate,RDDT_USDT,RDDT,"Reddit, Inc.",equity,USDT,active,25,US,https://api.gateio.ws/api/v4/futures/usdt/contracts + https://api.gateio.ws/api/v4/stock/symbols,matched Gate stock-symbol universe,high,2026-09-09T08:18:38+00:00
Gate,RDW_USDT,RDW,Redwire Corporation,equity,USDT,active,20,US,https://api.gateio.ws/api/v4/futures/usdt/contracts + https://api.gateio.ws/api/v4/stock/symbols,matched Gate stock-symbol universe,high,2026-09-09T08:18:38+00:00
Gate,REGN_USDT,REGN,Regeneron Pharmaceuticals Inc,equity,USDT,active,20,US,https://api.gateio.ws/api/v4/futures/usdt/contracts + https://api.gateio.ws/api/v4/stock/symbols,matched Gate stock-symbol universe,high,2026-09-09T08:18:38+00:00
Gate,RIVN_USDT,RIVN,"Rivian Automotive, Inc. Class A",equity,USDT,active,20,US,https://api.gateio.ws/api/v4/futures/usdt/contracts + https://api.gateio.ws/api/v4/stock/symbols,matched Gate stock-symbol universe,high,2026-09-09T08:18:38+00:00
Gate,RKLB_USDT,RKLB,Rocket Lab Corporation,equity,USDT,active,75,US,https://api.gateio.ws/api/v4/futures/usdt/contracts + https://api.gateio.ws/api/v4/stock/symbols,matched Gate stock-symbol universe,high,2026-09-09T08:18:38+00:00
Gate,ROK_USDT,ROK,"Rockwell Automation, Inc.",equity,USDT,active,20,US,https://api.gateio.ws/api/v4/futures/usdt/contracts + https://api.gateio.ws/api/v4/stock/symbols,matched Gate stock-symbol universe,high,2026-09-09T08:18:38+00:00
Gate,ROKU_USDT,ROKU,"Roku, Inc. Class A",equity,USDT,active,20,US,https://api.gateio.ws/api/v4/futures/usdt/contracts + https://api.gateio.ws/api/v4/stock/symbols,matched Gate stock-symbol universe,high,2026-09-09T08:18:38+00:00
Gate,RTX_USDT,RTX,RTX Corporation,equity,USDT,active,25,US,https://api.gateio.ws/api/v4/futures/usdt/contracts + https://api.gateio.ws/api/v4/stock/symbols,matched Gate stock-symbol universe,high,2026-09-09T08:18:38+00:00
Gate,S_USDT,S,"SentinelOne, Inc.",equity,USDT,active,50,US,https://api.gateio.ws/api/v4/futures/usdt/contracts + https://api.gateio.ws/api/v4/stock/symbols,matched Gate stock-symbol universe,high,2026-09-09T08:18:38+00:00
Gate,SATS_USDT,SATS,EchoStar Corporation,equity,USDT,active,25,US,https://api.gateio.ws/api/v4/futures/usdt/contracts + https://api.gateio.ws/api/v4/stock/symbols,matched Gate stock-symbol universe,high,2026-09-09T08:18:38+00:00
Gate,SCHW_USDT,SCHW,The Charles Schwab Corporation,equity,USDT,active,20,US,https://api.gateio.ws/api/v4/futures/usdt/contracts + https://api.gateio.ws/api/v4/stock/symbols,matched Gate stock-symbol universe,high,2026-09-09T08:18:38+00:00
Gate,SEI_USDT,SEI,"Solaris Energy Infrastructure, Inc.",equity,USDT,active,75,US,https://api.gateio.ws/api/v4/futures/usdt/contracts + https://api.gateio.ws/api/v4/stock/symbols,matched Gate stock-symbol universe,high,2026-09-09T08:18:38+00:00
Gate,SHAZ_USDT,SHAZ,"SharonAI Holdings, Inc. Class A",equity,USDT,active,20,US,https://api.gateio.ws/api/v4/futures/usdt/contracts + https://api.gateio.ws/api/v4/stock/symbols,matched Gate stock-symbol universe,high,2026-09-09T08:18:38+00:00
Gate,SHLD_USDT,SHLD,Global X Defense Tech ETF,etf,USDT,active,10,US,https://api.gateio.ws/api/v4/futures/usdt/contracts + https://api.gateio.ws/api/v4/stock/symbols,matched Gate stock-symbol universe,high,2026-09-09T08:18:38+00:00
Gate,SHOP_USDT,SHOP,Shopify Inc. Class A subordinate voting shares,equity,USDT,active,20,US,https://api.gateio.ws/api/v4/futures/usdt/contracts + https://api.gateio.ws/api/v4/stock/symbols,matched Gate stock-symbol universe,high,2026-09-09T08:18:38+00:00
Gate,SKHY_USDT,SKHY,SK Hynix,equity,USDT,active,75,US,https://api.gateio.ws/api/v4/futures/usdt/contracts + https://api.gateio.ws/api/v4/stock/symbols,matched Gate stock-symbol universe,high,2026-09-09T08:18:38+00:00
Gate,SKY_USDT,SKY,"Champion Homes, Inc.",equity,USDT,active,50,US,https://api.gateio.ws/api/v4/futures/usdt/contracts + https://api.gateio.ws/api/v4/stock/symbols,matched Gate stock-symbol universe,high,2026-09-09T08:18:38+00:00
Gate,SLV_USDT,SLV,iShares Silver Trust,etf,USDT,active,75,US,https://api.gateio.ws/api/v4/futures/usdt/contracts + https://api.gateio.ws/api/v4/stock/symbols,matched Gate stock-symbol universe,high,2026-09-09T08:18:38+00:00
Gate,SMCI_USDT,SMCI,"Super Micro Computer, Inc.",equity,USDT,active,20,US,https://api.gateio.ws/api/v4/futures/usdt/contracts + https://api.gateio.ws/api/v4/stock/symbols,matched Gate stock-symbol universe,high,2026-09-09T08:18:38+00:00
Gate,SMH_USDT,SMH,VanEck Semiconductor ETF,etf,USDT,active,20,US,https://api.gateio.ws/api/v4/futures/usdt/contracts + https://api.gateio.ws/api/v4/stock/symbols,matched Gate stock-symbol universe,high,2026-09-09T08:18:38+00:00
Gate,SMIC_USDT,SMIC,SMIC,equity,USDT,active,20,HK,https://api.gateio.ws/api/v4/futures/usdt/contracts + https://api.gateio.ws/api/v4/stock/symbols,matched Gate stock-symbol universe,high,2026-09-09T08:18:38+00:00
Gate,SNDK_USDT,SNDK,Sandisk Corporation,equity,USDT,active,75,US,https://api.gateio.ws/api/v4/futures/usdt/contracts + https://api.gateio.ws/api/v4/stock/symbols,matched Gate stock-symbol universe,high,2026-09-09T08:18:38+00:00
Gate,SNOW_USDT,SNOW,Snowflake Inc.,equity,USDT,active,20,US,https://api.gateio.ws/api/v4/futures/usdt/contracts + https://api.gateio.ws/api/v4/stock/symbols,matched Gate stock-symbol universe,high,2026-09-09T08:18:38+00:00
Gate,SNX_USDT,SNX,TD SYNNEX Corporation,equity,USDT,active,25,US,https://api.gateio.ws/api/v4/futures/usdt/contracts + https://api.gateio.ws/api/v4/stock/symbols,matched Gate stock-symbol universe,high,2026-09-09T08:18:38+00:00
Gate,SO_USDT,SO,The Southern Company,equity,USDT,active,20,US,https://api.gateio.ws/api/v4/futures/usdt/contracts + https://api.gateio.ws/api/v4/stock/symbols,matched Gate stock-symbol universe,high,2026-09-09T08:18:38+00:00
Gate,SOFI_USDT,SOFI,"SoFi Technologies, Inc.",equity,USDT,active,20,US,https://api.gateio.ws/api/v4/futures/usdt/contracts + https://api.gateio.ws/api/v4/stock/symbols,matched Gate stock-symbol universe,high,2026-09-09T08:18:38+00:00
Gate,SOLV_USDT,SOLV,Solventum Corporation,equity,USDT,active,20,US,https://api.gateio.ws/api/v4/futures/usdt/contracts + https://api.gateio.ws/api/v4/stock/symbols,matched Gate stock-symbol universe,high,2026-09-09T08:18:38+00:00
Gate,SONY_USDT,SONY,Sony Group Corporation American Depositary Shares (Each Representing One Share of Dollar Validated Common Stock),equity,USDT,active,20,US,https://api.gateio.ws/api/v4/futures/usdt/contracts + https://api.gateio.ws/api/v4/stock/symbols,matched Gate stock-symbol universe,high,2026-09-09T08:18:38+00:00
Gate,SOXL_USDT,SOXL,Direxion Daily Semiconductor Bull 3X ETF,etf,USDT,active,50,US,https://api.gateio.ws/api/v4/futures/usdt/contracts + https://api.gateio.ws/api/v4/stock/symbols,matched Gate stock-symbol universe,high,2026-09-09T08:18:38+00:00
Gate,SOXS_USDT,SOXS,Direxion Daily Semiconductor Bear 3X ETF,etf,USDT,active,25,US,https://api.gateio.ws/api/v4/futures/usdt/contracts + https://api.gateio.ws/api/v4/stock/symbols,matched Gate stock-symbol universe,high,2026-09-09T08:18:38+00:00
Gate,SOXX_USDT,SOXX,iShares Semiconductor ETF,etf,USDT,active,20,US,https://api.gateio.ws/api/v4/futures/usdt/contracts + https://api.gateio.ws/api/v4/stock/symbols,matched Gate stock-symbol universe,high,2026-09-09T08:18:38+00:00
Gate,SPCX_USDT,SPCX,SpaceX,equity,USDT,active,100,US,https://api.gateio.ws/api/v4/futures/usdt/contracts + https://api.gateio.ws/api/v4/stock/symbols,matched Gate stock-symbol universe,high,2026-09-09T08:18:38+00:00
Gate,SPOT_USDT,SPOT,Spotify Technology S.A.,equity,USDT,active,20,US,https://api.gateio.ws/api/v4/futures/usdt/contracts + https://api.gateio.ws/api/v4/stock/symbols,matched Gate stock-symbol universe,high,2026-09-09T08:18:38+00:00
Gate,SPY_USDT,SPY,State Street SPDR S&P 500 ETF Trust,etf,USDT,active,75,US,https://api.gateio.ws/api/v4/futures/usdt/contracts + https://api.gateio.ws/api/v4/stock/symbols,matched Gate stock-symbol universe,high,2026-09-09T08:18:38+00:00
Gate,SPYM_USDT,SPYM,State Street SPDR Portfolio S&P 500 ETF,etf,USDT,active,20,US,https://api.gateio.ws/api/v4/futures/usdt/contracts + https://api.gateio.ws/api/v4/stock/symbols,matched Gate stock-symbol universe,high,2026-09-09T08:18:38+00:00
Gate,SQQQ_USDT,SQQQ,ProShares UltraPro Short QQQ,etf,USDT,active,20,US,https://api.gateio.ws/api/v4/futures/usdt/contracts + https://api.gateio.ws/api/v4/stock/symbols,matched Gate stock-symbol universe,high,2026-09-09T08:18:38+00:00
Gate,STM_USDT,STM,STMicroelectronics N.V.,equity,USDT,active,20,US,https://api.gateio.ws/api/v4/futures/usdt/contracts + https://api.gateio.ws/api/v4/stock/symbols,matched Gate stock-symbol universe,high,2026-09-09T08:18:38+00:00
Gate,STRC_USDT,STRC,Strategy Inc Variable Rate Series A Perpetual Stretch Preferred Stock,equity,USDT,active,20,US,https://api.gateio.ws/api/v4/futures/usdt/contracts + https://api.gateio.ws/api/v4/stock/symbols,matched Gate stock-symbol universe,high,2026-09-09T08:18:38+00:00
Gate,STX_USDT,STX,Seagate Technology Holdings PLC Ordinary Shares (Ireland),equity,USDT,active,50,US,https://api.gateio.ws/api/v4/futures/usdt/contracts + https://api.gateio.ws/api/v4/stock/symbols,matched Gate stock-symbol universe,high,2026-09-09T08:18:38+00:00
Gate,SUI_USDT,SUI,"Sun Communities, Inc",equity,USDT,active,50,US,https://api.gateio.ws/api/v4/futures/usdt/contracts + https://api.gateio.ws/api/v4/stock/symbols,matched Gate stock-symbol universe,high,2026-09-09T08:18:38+00:00
Gate,SYK_USDT,SYK,Stryker Corporation,equity,USDT,active,20,US,https://api.gateio.ws/api/v4/futures/usdt/contracts + https://api.gateio.ws/api/v4/stock/symbols,matched Gate stock-symbol universe,high,2026-09-09T08:18:38+00:00
Gate,T_USDT,T,AT&T Inc.,equity,USDT,active,20,US,https://api.gateio.ws/api/v4/futures/usdt/contracts + https://api.gateio.ws/api/v4/stock/symbols,matched Gate stock-symbol universe,high,2026-09-09T08:18:38+00:00
Gate,TEAM_USDT,TEAM,Atlassian Corporation Class A,equity,USDT,active,20,US,https://api.gateio.ws/api/v4/futures/usdt/contracts + https://api.gateio.ws/api/v4/stock/symbols,matched Gate stock-symbol universe,high,2026-09-09T08:18:38+00:00
Gate,TEM_USDT,TEM,"Tempus AI, Inc. Class A",equity,USDT,active,20,US,https://api.gateio.ws/api/v4/futures/usdt/contracts + https://api.gateio.ws/api/v4/stock/symbols,matched Gate stock-symbol universe,high,2026-09-09T08:18:38+00:00
Gate,TENCENT_USDT,TENCENT,TENCENT,equity,USDT,active,25,HK,https://api.gateio.ws/api/v4/futures/usdt/contracts + https://api.gateio.ws/api/v4/stock/symbols,matched Gate stock-symbol universe,high,2026-09-09T08:18:38+00:00
Gate,TER_USDT,TER,"Teradyne, Inc.",equity,USDT,active,20,US,https://api.gateio.ws/api/v4/futures/usdt/contracts + https://api.gateio.ws/api/v4/stock/symbols,matched Gate stock-symbol universe,high,2026-09-09T08:18:38+00:00
Gate,TFC_USDT,TFC,Truist Financial Corporation,equity,USDT,active,20,US,https://api.gateio.ws/api/v4/futures/usdt/contracts + https://api.gateio.ws/api/v4/stock/symbols,matched Gate stock-symbol universe,high,2026-09-09T08:18:38+00:00
Gate,TJX_USDT,TJX,"TJX Companies, Inc. (The)",equity,USDT,active,20,US,https://api.gateio.ws/api/v4/futures/usdt/contracts + https://api.gateio.ws/api/v4/stock/symbols,matched Gate stock-symbol universe,high,2026-09-09T08:18:38+00:00
Gate,TLT_USDT,TLT,iShares 20+ Year Treasury Bond ETF,etf,USDT,active,50,US,https://api.gateio.ws/api/v4/futures/usdt/contracts + https://api.gateio.ws/api/v4/stock/symbols,matched Gate stock-symbol universe,high,2026-09-09T08:18:38+00:00
Gate,TM_USDT,TM,Toyota Motor Corporation American Depositary Shares (Each representing ten Ordinary Shares),equity,USDT,active,20,US,https://api.gateio.ws/api/v4/futures/usdt/contracts + https://api.gateio.ws/api/v4/stock/symbols,matched Gate stock-symbol universe,high,2026-09-09T08:18:38+00:00
Gate,TMF_USDT,TMF,Direxion Daily 20+ Year Treasury Bull 3X ETF,etf,USDT,active,20,US,https://api.gateio.ws/api/v4/futures/usdt/contracts + https://api.gateio.ws/api/v4/stock/symbols,matched Gate stock-symbol universe,high,2026-09-09T08:18:38+00:00
Gate,TMO_USDT,TMO,"Thermo Fisher Scientific, Inc.",equity,USDT,active,20,US,https://api.gateio.ws/api/v4/futures/usdt/contracts + https://api.gateio.ws/api/v4/stock/symbols,matched Gate stock-symbol universe,high,2026-09-09T08:18:38+00:00
Gate,TMUS_USDT,TMUS,"T-Mobile US, Inc.",equity,USDT,active,20,US,https://api.gateio.ws/api/v4/futures/usdt/contracts + https://api.gateio.ws/api/v4/stock/symbols,matched Gate stock-symbol universe,high,2026-09-09T08:18:38+00:00
Gate,TSEM_USDT,TSEM,Tower Semiconductor Ltd,equity,USDT,active,20,US,https://api.gateio.ws/api/v4/futures/usdt/contracts + https://api.gateio.ws/api/v4/stock/symbols,matched Gate stock-symbol universe,high,2026-09-09T08:18:38+00:00
Gate,TSLA_USDT,TSLA,"Tesla, Inc.",equity,USDT,active,100,US,https://api.gateio.ws/api/v4/futures/usdt/contracts + https://api.gateio.ws/api/v4/stock/symbols,matched Gate stock-symbol universe,high,2026-09-09T08:18:38+00:00
Gate,TSLL_USDT,TSLL,Direxion Shares ETF Trust Direxion Daily TSLA Bull 2X ETF,etf,USDT,active,20,US,https://api.gateio.ws/api/v4/futures/usdt/contracts + https://api.gateio.ws/api/v4/stock/symbols,matched Gate stock-symbol universe,high,2026-09-09T08:18:38+00:00
Gate,TSM_USDT,TSM,Taiwan Semiconductor Manufacturing Company Limited,equity,USDT,active,100,US,https://api.gateio.ws/api/v4/futures/usdt/contracts + https://api.gateio.ws/api/v4/stock/symbols,matched Gate stock-symbol universe,high,2026-09-09T08:18:38+00:00
Gate,TTWO_USDT,TTWO,Take-Two Interactive Software Inc,equity,USDT,active,20,US,https://api.gateio.ws/api/v4/futures/usdt/contracts + https://api.gateio.ws/api/v4/stock/symbols,matched Gate stock-symbol universe,high,2026-09-09T08:18:38+00:00
Gate,TWLO_USDT,TWLO,Twilio Inc.,equity,USDT,active,20,US,https://api.gateio.ws/api/v4/futures/usdt/contracts + https://api.gateio.ws/api/v4/stock/symbols,matched Gate stock-symbol universe,high,2026-09-09T08:18:38+00:00
Gate,TXN_USDT,TXN,Texas Instruments Incorporated,equity,USDT,active,20,US,https://api.gateio.ws/api/v4/futures/usdt/contracts + https://api.gateio.ws/api/v4/stock/symbols,matched Gate stock-symbol universe,high,2026-09-09T08:18:38+00:00
Gate,TZA_USDT,TZA,Direxion Daily Small Cap Bear 3x ETF,etf,USDT,active,20,US,https://api.gateio.ws/api/v4/futures/usdt/contracts + https://api.gateio.ws/api/v4/stock/symbols,matched Gate stock-symbol universe,high,2026-09-09T08:18:38+00:00
Gate,UBER_USDT,UBER,"Uber Technologies, Inc.",equity,USDT,active,20,US,https://api.gateio.ws/api/v4/futures/usdt/contracts + https://api.gateio.ws/api/v4/stock/symbols,matched Gate stock-symbol universe,high,2026-09-09T08:18:38+00:00
Gate,UNH_USDT,UNH,UNITEDHEALTH GROUP INCORPORATED (Delaware),equity,USDT,active,25,US,https://api.gateio.ws/api/v4/futures/usdt/contracts + https://api.gateio.ws/api/v4/stock/symbols,matched Gate stock-symbol universe,high,2026-09-09T08:18:38+00:00
Gate,US_USDT,US,Alcoa Corporation,equity,USDT,active,20,US,https://api.gateio.ws/api/v4/futures/usdt/contracts + https://api.gateio.ws/api/v4/stock/symbols,matched Gate stock-symbol universe,high,2026-09-09T08:18:38+00:00
Gate,USAR_USDT,USAR,"USA Rare Earth, Inc. Class A",equity,USDT,active,20,US,https://api.gateio.ws/api/v4/futures/usdt/contracts + https://api.gateio.ws/api/v4/stock/symbols,matched Gate stock-symbol universe,high,2026-09-09T08:18:38+00:00
Gate,UVXY_USDT,UVXY,ProShares Ultra VIX Short-Term Futures ETF,etf,USDT,active,20,US,https://api.gateio.ws/api/v4/futures/usdt/contracts + https://api.gateio.ws/api/v4/stock/symbols,matched Gate stock-symbol universe,high,2026-09-09T08:18:38+00:00
Gate,V_USDT,V,VISA Inc.,equity,USDT,active,20,US,https://api.gateio.ws/api/v4/futures/usdt/contracts + https://api.gateio.ws/api/v4/stock/symbols,matched Gate stock-symbol universe,high,2026-09-09T08:18:38+00:00
Gate,VCX_USDT,VCX,"Fundrise Innovation Fund, LLC",equity,USDT,active,20,US,https://api.gateio.ws/api/v4/futures/usdt/contracts + https://api.gateio.ws/api/v4/stock/symbols,matched Gate stock-symbol universe,high,2026-09-09T08:18:38+00:00
Gate,VELO_USDT,VELO,"Velo3D, Inc.",equity,USDT,active,20,US,https://api.gateio.ws/api/v4/futures/usdt/contracts + https://api.gateio.ws/api/v4/stock/symbols,matched Gate stock-symbol universe,high,2026-09-09T08:18:38+00:00
Gate,VOO_USDT,VOO,Vanguard S&P 500 ETF,etf,USDT,active,20,US,https://api.gateio.ws/api/v4/futures/usdt/contracts + https://api.gateio.ws/api/v4/stock/symbols,matched Gate stock-symbol universe,high,2026-09-09T08:18:38+00:00
Gate,VRT_USDT,VRT,Vertiv Holdings Co Class A,equity,USDT,active,20,US,https://api.gateio.ws/api/v4/futures/usdt/contracts + https://api.gateio.ws/api/v4/stock/symbols,matched Gate stock-symbol universe,high,2026-09-09T08:18:38+00:00
Gate,VRTX_USDT,VRTX,Vertex Pharmaceuticals Inc,equity,USDT,active,20,US,https://api.gateio.ws/api/v4/futures/usdt/contracts + https://api.gateio.ws/api/v4/stock/symbols,matched Gate stock-symbol universe,high,2026-09-09T08:18:38+00:00
Gate,VST_USDT,VST,Vistra Corp.,equity,USDT,active,20,US,https://api.gateio.ws/api/v4/futures/usdt/contracts + https://api.gateio.ws/api/v4/stock/symbols,matched Gate stock-symbol universe,high,2026-09-09T08:18:38+00:00
Gate,VVV_USDT,VVV,Valvoline Inc.,equity,USDT,active,25,US,https://api.gateio.ws/api/v4/futures/usdt/contracts + https://api.gateio.ws/api/v4/stock/symbols,matched Gate stock-symbol universe,high,2026-09-09T08:18:38+00:00
Gate,VZ_USDT,VZ,Verizon Communications,equity,USDT,active,20,US,https://api.gateio.ws/api/v4/futures/usdt/contracts + https://api.gateio.ws/api/v4/stock/symbols,matched Gate stock-symbol universe,high,2026-09-09T08:18:38+00:00
Gate,W_USDT,W,Wayfair Inc.,equity,USDT,active,75,US,https://api.gateio.ws/api/v4/futures/usdt/contracts + https://api.gateio.ws/api/v4/stock/symbols,matched Gate stock-symbol universe,high,2026-09-09T08:18:38+00:00
Gate,WAL_USDT,WAL,Western Alliance Bancorporation,equity,USDT,active,50,US,https://api.gateio.ws/api/v4/futures/usdt/contracts + https://api.gateio.ws/api/v4/stock/symbols,matched Gate stock-symbol universe,high,2026-09-09T08:18:38+00:00
Gate,WDC_USDT,WDC,Western Digital Corp.,equity,USDT,active,50,US,https://api.gateio.ws/api/v4/futures/usdt/contracts + https://api.gateio.ws/api/v4/stock/symbols,matched Gate stock-symbol universe,high,2026-09-09T08:18:38+00:00
Gate,WEN_USDT,WEN,The Wendy's Company,equity,USDT,active,20,US,https://api.gateio.ws/api/v4/futures/usdt/contracts + https://api.gateio.ws/api/v4/stock/symbols,matched Gate stock-symbol universe,high,2026-09-09T08:18:38+00:00
Gate,WFC_USDT,WFC,Wells Fargo & Co.,equity,USDT,active,20,US,https://api.gateio.ws/api/v4/futures/usdt/contracts + https://api.gateio.ws/api/v4/stock/symbols,matched Gate stock-symbol universe,high,2026-09-09T08:18:38+00:00
Gate,WMT_USDT,WMT,Walmart Inc.,equity,USDT,active,25,US,https://api.gateio.ws/api/v4/futures/usdt/contracts + https://api.gateio.ws/api/v4/stock/symbols,matched Gate stock-symbol universe,high,2026-09-09T08:18:38+00:00
Gate,XBI_USDT,XBI,State Street SPDR S&P Biotech ETF,etf,USDT,active,20,US,https://api.gateio.ws/api/v4/futures/usdt/contracts + https://api.gateio.ws/api/v4/stock/symbols,matched Gate stock-symbol universe,high,2026-09-09T08:18:38+00:00
Gate,XLE_USDT,XLE,State Street Energy Select Sector SPDR ETF,etf,USDT,active,20,US,https://api.gateio.ws/api/v4/futures/usdt/contracts + https://api.gateio.ws/api/v4/stock/symbols,matched Gate stock-symbol universe,high,2026-09-09T08:18:38+00:00
Gate,XLF_USDT,XLF,State Street Financial Select Sector SPDR ETF,etf,USDT,active,20,US,https://api.gateio.ws/api/v4/futures/usdt/contracts + https://api.gateio.ws/api/v4/stock/symbols,matched Gate stock-symbol universe,high,2026-09-09T08:18:38+00:00
Gate,XLK_USDT,XLK,State Street Technology Select Sector SPDR ETF,etf,USDT,active,20,US,https://api.gateio.ws/api/v4/futures/usdt/contracts + https://api.gateio.ws/api/v4/stock/symbols,matched Gate stock-symbol universe,high,2026-09-09T08:18:38+00:00
Gate,XLU_USDT,XLU,State Street Utilities Select Sector SPDR ETF,etf,USDT,active,20,US,https://api.gateio.ws/api/v4/futures/usdt/contracts + https://api.gateio.ws/api/v4/stock/symbols,matched Gate stock-symbol universe,high,2026-09-09T08:18:38+00:00
Gate,XLV_USDT,XLV,State Street Health Care Select Sector SPDR ETF,etf,USDT,active,20,US,https://api.gateio.ws/api/v4/futures/usdt/contracts + https://api.gateio.ws/api/v4/stock/symbols,matched Gate stock-symbol universe,high,2026-09-09T08:18:38+00:00
Gate,XOM_USDT,XOM,Exxon Mobil Corporation,equity,USDT,active,20,US,https://api.gateio.ws/api/v4/futures/usdt/contracts + https://api.gateio.ws/api/v4/stock/symbols,matched Gate stock-symbol universe,high,2026-09-09T08:18:38+00:00
Gate,YOFC_USDT,YOFC,YOFC,equity,USDT,active,20,HK,https://api.gateio.ws/api/v4/futures/usdt/contracts + https://api.gateio.ws/api/v4/stock/symbols,matched Gate stock-symbol universe,high,2026-09-09T08:18:38+00:00
Gate,ZETA_USDT,ZETA,Zeta Global Holdings Corp.,equity,USDT,active,25,US,https://api.gateio.ws/api/v4/futures/usdt/contracts + https://api.gateio.ws/api/v4/stock/symbols,matched Gate stock-symbol universe,high,2026-09-09T08:18:38+00:00
Gate,ZM_USDT,ZM,"Zoom Communications, Inc. Class A",equity,USDT,active,20,US,https://api.gateio.ws/api/v4/futures/usdt/contracts + https://api.gateio.ws/api/v4/stock/symbols,matched Gate stock-symbol universe,high,2026-09-09T08:18:38+00:00
Gate,ZS_USDT,ZS,"Zscaler, Inc.",equity,USDT,active,20,US,https://api.gateio.ws/api/v4/futures/usdt/contracts + https://api.gateio.ws/api/v4/stock/symbols,matched Gate stock-symbol universe,high,2026-09-09T08:18:38+00:00
